name,designation,company,industry,email,phone,country
Liane Pattisson,Actuary,Photospace,Major Chemicals,lpattisson0@amazon.com,+380 786 871 6890,Ukraine
Casper Clynmans,Software Engineer I,Babbleset,Semiconductors,cclynmans1@amazon.co.jp,+1 172 348 5591,Canada
Hardy Gossage,Statistician II,Lazz,n/a,hgossage2@army.mil,+7 610 428 6775,Russia
Garald Muddiman,Environmental Tech,Realpoint,Computer Software: Prepackaged Software,gmuddiman3@sourceforge.net,+46 118 795 2773,Sweden
Susana Birley,General Manager,Fliptune,Finance/Investors Services,sbirley4@mayoclinic.com,+55 760 302 6308,Brazil
Lisette Vasechkin,Chemical Engineer,Blogspan,Construction/Ag Equipment/Trucks,lvasechkin5@chron.com,+7 442 635 4682,Russia
Genovera Spellard,Electrical Engineer,Kwimbee,Paper,gspellard6@joomla.org,+81 616 439 4534,Japan
Amandy Fretson,Senior Quality Engineer,Nlounge,Industrial Machinery/Components,afretson7@arizona.edu,+86 451 290 0220,China
Brande Yarnton,Programmer II,Edgeify,Major Pharmaceuticals,byarnton8@ustream.tv,+372 377 454 2305,Estonia
Shannon Trammel,Administrative Officer,Tagcat,Precious Metals,strammel9@blogspot.com,+234 912 977 0785,Nigeria
Niall Bessant,Information Systems Manager,Yambee,Clothing/Shoe/Accessory Stores,nbessanta@gizmodo.com,+266 302 549 8073,Lesotho
Neala Mcmanaman,Research Assistant I,Voolith,Professional Services,nmcmanamanb@woothemes.com,+994 388 439 9321,Azerbaijan
Delia Davidsen,Registered Nurse,Leenti,Clothing/Shoe/Accessory Stores,ddavidsenc@time.com,+351 547 517 4344,Portugal
Chloe Rivallant,Dental Hygienist,Browsetype,Oil & Gas Production,crivallantd@washingtonpost.com,+63 743 712 4153,Philippines
Mick Jenkyn,VP Sales,Skajo,EDP Services,mjenkyne@typepad.com,+974 935 266 0468,Qatar
Michele Kellert,Sales Representative,Mydeo,Property-Casualty Insurers,mkellertf@patch.com,+420 365 844 4164,Czech Republic
Marybeth Streat,Cost Accountant,Innotype,n/a,mstreatg@huffingtonpost.com,+380 819 928 6337,Ukraine
Sheffie Nutt,Sales Associate,Yozio,Military/Government/Technical,snutth@irs.gov,+86 992 408 0684,China
Abagail Worviell,Librarian,Realbridge,Major Banks,aworvielli@cornell.edu,+86 240 245 0607,China
Ibbie Dragge,Senior Editor,Zoovu,Life Insurance,idraggej@google.pl,+1 408 626 3069,United States
Thibaut Bougen,Statistician II,Pixonyx,Electric Utilities: Central,tbougenk@hugedomains.com,+967 214 242 3477,Yemen
Dare Pendle,Sales Representative,Kimia,Telecommunications Equipment,dpendlel@networksolutions.com,+86 630 579 3663,China
Masha Selbie,Administrative Assistant IV,Aivee,Marine Transportation,mselbiem@eventbrite.com,+351 446 216 8495,Portugal
Nikkie Tregunnah,Technical Writer,Livetube,Major Pharmaceuticals,ntregunnahn@shop-pro.jp,+62 945 248 4607,Indonesia
Ansley Bindin,Office Assistant III,Midel,Commercial Banks,abindino@t.co,+375 602 527 3257,Belarus
Shaw Cosgriff,Marketing Assistant,Geba,n/a,scosgriffp@amazon.de,+269 184 383 4702,Comoros
Dorey Fairburne,Junior Executive,Kwimbee,Computer Software: Prepackaged Software,dfairburneq@comcast.net,+291 167 212 4523,Eritrea
Tabbitha Puckett,Assistant Media Planner,Tagtune,Industrial Machinery/Components,tpuckettr@live.com,+53 614 466 4728,Cuba
Ellyn Wetter,Developer III,Flashset,Major Banks,ewetters@rakuten.co.jp,+62 573 486 5767,Indonesia
Cletis Prate,Professor,Divanoodle,Natural Gas Distribution,cpratet@odnoklassniki.ru,+34 872 183 9656,Spain
Tamma Skettles,Senior Financial Analyst,Einti,Beverages (Production/Distribution),tskettlesu@xing.com,+212 956 746 9814,Morocco
Hort Handrahan,Compensation Analyst,Yodoo,Oil & Gas Production,hhandrahanv@bloomberg.com,+1 813 925 0759,United States
Mahalia Annies,Research Nurse,Avamba,Industrial Machinery/Components,manniesw@adobe.com,+7 904 280 0673,Russia
Maurise Eves,Research Nurse,Skimia,Beverages (Production/Distribution),mevesx@dell.com,+62 355 637 9664,Indonesia
Emelia Eddies,Research Nurse,Divape,n/a,eeddiesy@house.gov,+51 158 903 7728,Peru
Jasun Salerg,Administrative Assistant I,Skinix,Major Banks,jsalergz@go.com,+62 431 624 4834,Indonesia
Cathie Gergler,Product Engineer,Skinder,Oil Refining/Marketing,cgergler10@comsenz.com,+420 129 770 5606,Czech Republic
Georgetta Kearton,Staff Scientist,Fivechat,Biotechnology: Laboratory Analytical Instruments,gkearton11@noaa.gov,+51 282 122 9595,Peru
Bord Carletti,Cost Accountant,Chatterpoint,Industrial Specialties,bcarletti12@csmonitor.com,+86 164 772 1682,China
Winthrop Lacheze,Senior Financial Analyst,Trunyx,Clothing/Shoe/Accessory Stores,wlacheze13@chron.com,+63 447 937 5285,Philippines
Julio Orr,Administrative Assistant II,Devbug,n/a,jorr14@sitemeter.com,+86 266 614 1478,China
Clive Kondratyuk,Director of Sales,Meevee,Telecommunications Equipment,ckondratyuk15@nytimes.com,+1 589 793 3197,Canada
Hamil Cattach,Database Administrator II,Thoughtstorm,n/a,hcattach16@goo.ne.jp,+86 187 366 7664,China
Jacinthe Moysey,Staff Scientist,Livefish,Real Estate Investment Trusts,jmoysey17@angelfire.com,+850 342 762 2418,North Korea
Maurita Holttom,Electrical Engineer,Voomm,Telecommunications Equipment,mholttom18@cnn.com,+52 212 184 6417,Mexico
Friederike Maroney,Business Systems Development Analyst,Divape,EDP Services,fmaroney19@si.edu,+86 859 896 6501,China
Gibbie Sartin,VP Sales,Plambee,Major Pharmaceuticals,gsartin1a@miitbeian.gov.cn,+976 485 931 3497,Mongolia
Stanley O'Hoolahan,Web Developer IV,Flashspan,n/a,sohoolahan1b@pbs.org,+86 871 733 9660,China
Eadmund Camell,Senior Editor,Snaptags,n/a,ecamell1c@youtube.com,+249 506 838 4072,South Sudan
Leonanie Ravens,Programmer Analyst IV,Dabshots,Beverages (Production/Distribution),lravens1d@studiopress.com,+998 610 920 6578,Uzbekistan
Yuri Spacey,Occupational Therapist,Skinte,Integrated oil Companies,yspacey1e@ucla.edu,+256 435 858 8771,Uganda
Timmy Davisson,Programmer Analyst II,Kwideo,Medical/Dental Instruments,tdavisson1f@qq.com,+86 673 185 9478,China
Lonnard Ferroli,Senior Editor,Trunyx,n/a,lferroli1g@123-reg.co.uk,+66 516 119 7379,Thailand
Tony Pharo,Teacher,Skinix,Military/Government/Technical,tpharo1h@php.net,+93 786 389 2057,Afghanistan
Emmery Hunnybun,Recruiter,Yakitri,Automotive Aftermarket,ehunnybun1i@smugmug.com,+255 144 589 9952,Tanzania
Basia Burt,Mechanical Systems Engineer,Devpoint,Beverages (Production/Distribution),bburt1j@fda.gov,+593 707 619 0223,Ecuador
Yovonnda Peeke-Vout,Automation Specialist II,Izio,n/a,ypeekevout1k@yelp.com,+93 211 476 7916,Afghanistan
Stacia Stratley,Chemical Engineer,Quatz,Homebuilding,sstratley1l@yandex.ru,+33 341 450 6550,France
Edik Ribou,Community Outreach Specialist,Gigabox,Industrial Specialties,eribou1m@rakuten.co.jp,+355 482 277 8012,Albania
Meredeth Grzelewski,Research Assistant III,Podcat,Oil & Gas Production,mgrzelewski1n@trellian.com,+86 773 906 4299,China
Cari Bromwich,Human Resources Assistant IV,Photobug,Major Pharmaceuticals,cbromwich1o@marketwatch.com,+46 276 648 1198,Sweden
Whit Barnardo,Director of Sales,Skajo,Oil & Gas Production,wbarnardo1p@disqus.com,+58 785 829 9731,Venezuela
Quintina Kellitt,Actuary,Skidoo,Hotels/Resorts,qkellitt1q@cbslocal.com,+86 398 977 9398,China
Travis Petch,Structural Engineer,Npath,n/a,tpetch1r@pinterest.com,+237 299 898 7091,Cameroon
Teddy Matley,Programmer III,Quimba,Electric Utilities: Central,tmatley1s@zimbio.com,+381 482 217 1128,Serbia
Thaine Immer,Teacher,Avavee,Medical Specialities,timmer1t@cpanel.net,+380 385 578 0211,Ukraine
Lura Brightling,Recruiting Manager,Jaloo,Oil & Gas Production,lbrightling1u@shop-pro.jp,+355 632 595 3228,Albania
Hestia Hryniewicz,Internal Auditor,Gevee,Other Consumer Services,hhryniewicz1v@github.io,+86 395 420 5204,China
Marcelline Culross,Quality Control Specialist,Tagfeed,n/a,mculross1w@patch.com,+86 304 715 7515,China
Claudine Pearmain,Clinical Specialist,Divape,Industrial Machinery/Components,cpearmain1x@ox.ac.uk,+55 260 952 5421,Brazil
Heall McCrainor,Business Systems Development Analyst,Cogidoo,Medical/Dental Instruments,hmccrainor1y@noaa.gov,+20 797 366 6165,Egypt
Maggee Dorn,Mechanical Systems Engineer,Quimm,n/a,mdorn1z@oakley.com,+58 426 823 4854,Venezuela
Adrianne Crain,Physical Therapy Assistant,Edgewire,n/a,acrain20@mtv.com,+62 920 838 5095,Indonesia
Tiertza Dominichelli,Clinical Specialist,Kwimbee,Industrial Specialties,tdominichelli21@nydailynews.com,+234 658 584 4420,Nigeria
Donnajean Markovich,Director of Sales,Dabjam,EDP Services,dmarkovich22@usa.gov,+54 121 672 2365,Argentina
Cathyleen Mouget,Clinical Specialist,Jabbersphere,n/a,cmouget23@fema.gov,+62 504 394 8722,Indonesia
Horst Broadfoot,Electrical Engineer,Babbleset,n/a,hbroadfoot24@parallels.com,+48 953 220 1116,Poland
Junia Stading,Physical Therapy Assistant,Twinder,Medical/Nursing Services,jstading25@pbs.org,+62 297 431 7538,Indonesia
Wiatt Norrey,Compensation Analyst,Jabbertype,Real Estate Investment Trusts,wnorrey26@economist.com,+235 463 139 1651,Chad
Vincent Deacock,Automation Specialist I,InnoZ,Food Distributors,vdeacock27@disqus.com,+53 227 336 5754,Cuba
Beck Feldharker,Human Resources Assistant I,Miboo,Savings Institutions,bfeldharker28@amazon.de,+81 214 476 9416,Japan
Morissa Jarrett,VP Product Management,Browsetype,n/a,mjarrett29@msu.edu,+63 465 869 7695,Philippines
Zacharia Prettyjohns,VP Marketing,Skyble,Investment Bankers/Brokers/Service,zprettyjohns2a@engadget.com,+84 476 832 0701,Vietnam
Corry Spon,Software Engineer III,Yodo,Biotechnology: Commercial Physical & Biological Resarch,cspon2b@e-recht24.de,+62 565 670 0082,Indonesia
Eilis Pettus,Sales Representative,Gevee,Hospital/Nursing Management,epettus2c@sbwire.com,+504 765 795 5520,Honduras
Karylin Townrow,Data Coordiator,Jayo,Specialty Chemicals,ktownrow2d@oakley.com,+86 610 317 6485,China
Casi Struys,Quality Control Specialist,Buzzster,Major Pharmaceuticals,cstruys2e@weibo.com,+1 520 589 5859,United States
Salvatore Gommowe,Engineer I,Plajo,Real Estate Investment Trusts,sgommowe2f@ca.gov,+86 250 222 6804,China
Carly Gommery,Account Coordinator,Quire,Major Pharmaceuticals,cgommery2g@skype.com,+55 290 775 8759,Brazil
Shauna Baddow,Automation Specialist III,Skajo,RETAIL: Building Materials,sbaddow2h@google.com.br,+86 260 352 9858,China
Randie Pell,Electrical Engineer,Plajo,n/a,rpell2i@bigcartel.com,+383 606 450 4403,Kosovo
Ninetta Hawkwood,Research Assistant II,Skilith,n/a,nhawkwood2j@apache.org,+86 221 913 9004,China
Cosette Korpolak,Nurse,Geba,Industrial Specialties,ckorpolak2k@home.pl,+62 432 791 8316,Indonesia
Malanie Shitliff,Legal Assistant,Twitterworks,Medical Specialities,mshitliff2l@fc2.com,+385 941 499 1227,Croatia
Sophia Aumerle,Web Designer I,Brainsphere,n/a,saumerle2m@dyndns.org,+62 187 129 3844,Indonesia
Clementius McMearty,Web Developer I,Talane,Food Distributors,cmcmearty2n@com.com,+86 106 393 5896,China
Fawne Eisold,Clinical Specialist,Ailane,Medical/Dental Instruments,feisold2o@state.tx.us,+355 922 917 2528,Albania
Burty Lesslie,Software Engineer I,Trudeo,Restaurants,blesslie2p@salon.com,+386 606 560 1696,Slovenia
Haleigh Malacrida,Software Engineer IV,Skilith,Power Generation,hmalacrida2q@baidu.com,+1 303 367 3179,United States
Kirbee Lawlee,Clinical Specialist,Centizu,Property-Casualty Insurers,klawlee2r@columbia.edu,+962 123 307 5445,Jordan
